Document,Class
igual proposito inspirar mujeres podemos hacer guste hacer hacerlo ropa comoda ropa bonita declarar junta ma creo puede percibir toda colecciones sacan,inspirado_por
necesariamente toda promocionan gran campaa envian ciertas prendas influencers ma sigue linea linea grafica sentimientos emociones percibes trave ropa toda colecciones,inspirado_por
diria si decidi ah inspira sino ver cifras creo algun momento ponian cifras genus sentimiento indignacion rabia toda cifras desarrollo mujer especialmente pais peru ponen cifras alentadoras motivadoras tratan sacar relucir igual puede generar algun cambio control momento verlo surgio,inspirado_por
hizo reflexionar casi siempre veo contenido cuentas instagram sigo entonces tema bastante presente empoderamiento mujer,inspirado_por
entonces pienso inspiracional persona comunes utilizan persona comunes grandes deportistas obviamente esperas si utilizas zapatillas va jugar asi,inspirado_por
bueno cuanto deporte pensaria persona pueden lograr hacer viene mente ejemplo si jugando basquet algun deportista importante pueda hacer cuanto deporte,inspirado_por
pienso puede ser inspiracion grandes deportistas cuanto tecnologia,inspirado_por
pienso medio sesga presente persona logrado tal cosa instintivamente sientes impulso esforzarte ma entonces pensaria involuntariamente,inspirado_por
ma marcas si sido parte publicidades comerciales entretenidos alto presupuesto siento inspiran mensajes dan just do it recuerdo bastante comerciales mundial cristiano ronaldo estrellas decian demuestralo cosas asi,inspirado_por
si diria si tan solo verlo piensas alguien admiras diga mira automaticamente da ganas comprar parecido,inspirado_por
practica deporte siempre admira mejores entonces buscar parecido ah mira zapatillas roonie messi buscar parecido distancias amateur,inspirado_por
entonces ejemplo nike dice just do it hazlo entonces alguna forma inspira,inspirado_por
siento nike visto full video salen corriendo alcanzar metas si marca inspira adidas,inspirado_por
si claro hecho creo f recuerda si hacer dice oye gente pone esfuerzo metas ganas hacer ejercicio hazlo,inspirado_por
hace nike saco campaa aca peru acuerdo si peru mundo mujeres parecio bien chevere sent identificada parecio bien out of the box creo lograron objetivo,inspirado_por
si ver acuerdo campaa hicieron acerca mujer giraba torno mujer empoderamiento mujer lado identifique hecho cada vez dan importancia mujer mujer puede hacer cosas increibles igual hombre etcetera identifique pienso mismo mujer veces subestima puede hacer mujer lado sent identificada,inspirado_por
repente campaa nike mujeres bailaban cierta cancion entonces bailar sientes libre expresas sientes,inspirado_por
creo solo hazlo tangibilizacion final si toda historia narra comercial justamente puedes identificar ciertos personajes ciertos momentos si visto comerciales sale serena williams sale molesta rabiosa acaba perder luego f sigue practicando justamente proceso inspiracion solo hazlo llamada final accion,inspirado_por
quizas pueda controlar si alguna u manera inspira siento identificada entonces creo alguna u manera tomar decisiones quizas alguna manera consciente manera inconsciente personalidad diga oye si visto frustrada visto luego practicando cosas salen ahi siento inspirada asi,inspirado_por
creo siempre admirado trayectoria general bailarin persona deportista famoso ejemplo justamente trayectoria encuentras puntos dice conoces inspiran,inspirado_por
genero comercial visto reconocimiento persona haciendo rescato aprendido ser empatica cosas persona reconocen bien trayectoria,inspirado_por
visto comerciales ejemplo mezclado solo mezclan deportistas conocidos sino tratan hacerlo persona ven naturales tipo dia dia balance bueno tema empoderamiento mujer verdaderamente hacerlo callar demas quizas creen parte nike,inspirado_por
spot bien bonito nike dice usualmente creemos grandeza ciertas persona verdad hecho puedas tener practica alguna u manera ser mejor cada dia menos saber direccion realmente lleva grandeza,inspirado_por
spot bien bonito nike dice usualmente creemos grandeza ciertas persona verdad hecho puedas tener practica alguna u manera ser mejor cada dia menos saber direccion realmente lleva grandeza bueno termina solo hazlo,inspirado_por
inspira comerciales inspiracion considero constante mantenga tiempo disciplina realmente lleva alcanzar resultados inspiracion quizas dice puedes llegar,inspirado_por
identifico comentarios escuchado familia amigo mujeres relegadas costado alguna u manera esperabas alcanzar puesto alto reconocimiento alto menos pasado favorecido algun modo justamente f comerciales dice pasamos mismos pasos incluso aparte soportar,inspirado_por
nike uso just do it visto par comerciales clases marketing creo si basicamente lema dice cualquiera puede hacerlo atrevas lance puedas llegar grande ser deportista calificado puedas hacer deporte entonces despues ver piezas publicitarias inspirada nike,inspirado_por
just do it piezas publicitarias comentaba f persona tan comunes logrando cosas si da cuenta llegas inspirarte inspirado,inspirado_por
recuerdo piezas comentando usualmente ponen clases marketing asi persona decian just do it decia ser deportista clasificado hacer deporte cualquier deportista puede salir,inspirado_por
ponian comerciales piezas campaa persona contextura atletica resto comerciales persona comunes corrientes llegas sentir tan bien identificado creo probablemente sentimiento podias sentirte identificado finalmente decia hazlo puedes,inspirado_por
corrido altura chaski challenge corrido relativamente provincias provincias creo diferente perspectiva retos complejo arduo dificil acceder alimentos calidad entrenamiento entonces siento historia tema superacion si inspira bastante tantas limitantes logrado consolidarse atleta nivel calibre entonces llega impactar bastante trabajo continuo hecho llevado trabajar nike,inspirado_por
nivel macro nike siempre slogan just do it incentivar actividad entonces inspiracion simplemente incentivo,inspirado_por
visto bastante publicidad forzada objetivo imagino dentro objetivo publicidad sido caso si bastante involuntario hecho di cuenta lima bastantes ventajas corremos altura nivel mar acceso diferentes tipos cosas recuperarnos luego carrera muchas cosas,inspirado_por
si hecho sorprendio bastante apoyen deporte nacional cuestionado tiempo empresas apoyaban deporte creo nuevo concepto nike menos intentando nuevo tiempo apoyar campeones cambio adidas ejemplo cada vez pienso adidas veo ningun corredor simplemente veo cristal marca unica relacion adidas deporte,inspirado_por
ejemplo slogan nike interesantes impossible is nothing toda campaa hicieron jugador futbol americano colin kaepernick respecto diferentes ayudas campaas discriminacion racismo,inspirado_por
va mano ver video inspiracionales youtube redes justo salian video motivacionales inspiracion atletas justamente llevaban marca nike bueno diferentes campaas final dicen dejan cabeza imposible ayudado bastante inspirado justamente marca deportiva ser alguien mejor,inspirado_por
puedo decir surgio inspiracion queria vida sedentaria gustaba veia queria cambio creo sido involuntario final trataba buscar video inspirarme basicamente,inspirado_por
totalmente final ensea puedes ser alguien mejor solamente aspecto salud detras ejercicios actividades cierto sacrificio hecho levantarte temprano comer comida chatarra final motivacion inclina tema hacer deporte puede ir actividades hecho realizar tarea trabajo universidad sientes bajoneado final dice si puedo hacer aca habilidad recursos capacidades poder realizar actividad ver deporte motiva demasiado,inspirado_por
ademas veo closet veo logo veo ropa deportiva digo pucha hacer deporte quiero ir estilo vida si motivaba comprar,inspirado_por
ver campaas dia mujer nike olimpiadas eventos deportivos realidad visto campaas siempre lloro veo siempre termino llorando parece mensaje bonito motivan siempre dar mejor seguir adelante verdad veo campaas dan ganas ponerme ropa deporte salir correr,inspirado_por
ultimo vi nike voz serena williams salia collage monton mujeres diferentes rubros daban mensaje mujeres pueden hacer quieren solo demuestra capaz termine ver comercial llore realmente puse ropa deporte sali correr broma hizo sentir motivada realmente hizo sentir podium hacer,inspirado_por
creo mensaje muestran voy decir ropa uso inspiro mensaje transmitiendo hacerme sentir realmente podium hacerlo fuente inspiracion viene mensaje si sido selena williams u deportista sido mismo peso doy mensaje,inspirado_por
comercial viene mente hizo nike mundial mujeres comercial divertido nia mano jugadora ahi nia corria futbolista toda cancha vi parecio super chevere hizo llorar parecio super divertido instintivamente decia ala quiero jugar futbol creo si mensaje va ser peso da,inspirado_por
veces dia dia olvidas cosas personalmente veo campaa asi realmente hace acordar gusta sentir puedo hacer cualquier cosa si propongo,inspirado_por
si toda maneras hace acordar poder mujeres realmente hacer quisieramos podemos importar opinion creo mensaje grande llevo dia dia puede ser olvide viendo campaas hace acordar importante,inspirado_por
veo ah bueno fan bts grupo koreano si conoces veces hacen diseos marcas colaboracion usando ropa nike entonces jugando tenis deporte veia chevere recorde pequea jugaba tenis,inspirado_por
comence ver video clip hablo clip instagram publicidad bastante motivador ver mujeres haciendo deporte casa sent pegado realidad puedes ver persona salen correr maraton diferente encerrado saber empezar entonces creo,inspirado_por
bueno inicio control simplemente haciendo scroll vi publicidad dije ah mira mostro lejos pensar nike ver grupo mujeres haciendo actividad dije pucha puedo hacer casa bien mira buena motivacion empezar,inspirado_por
creo caso tema superficial va ah mirala inspira mujer hace millon ejercicios cambio sino tema pucha toma conciencia hagas deporte,inspirado_por
pregunta complicada deporte futbol entonces probablemente usaria moda inspiracion tan fuerte realmente inspirado bastante referentes deportistas tan fuerte verdad,inspirado_por
si quizas hacer negocio zapatillas hecho ahora ejemplo ahorita unidos amigo quieren modelos unicos solo venden aca venden peru entonces digo oye consigo pagas dolares llevartelos nunca va conseguir peru entonces veo idea negocio modelos venden alla llevan importan tipo modelos probablemente puede ser idea saltado publicidad bueno venden solas zapatillas nike necesario use tanta publicidad,inspirado_por
realidad nike linea urbana describirlo siempre campaas ahora ultimo lanzo ejemplo basicamente apoyar deporte sino apoyar equipo gusto algun momento sent identificada,inspirado_por
ultima sent identificada basicamente comercial daba entender pese situacion covid pasando muchas actividades frenaron arte cultura deporte dio pena algun momento sent frustracion tal vez poder seguir meta deportiva vea frenado u obstaculizada manera entonces pese vio frustrado solamente apoyar deporte sino equipo basicamente sentirse aun pesar pasando aun sigan siendo familia,inspirado_por
coyuntura afectando area deporte parte experiencia casa padre consecuencias partir covid frenaba frenaba experiencia empatice vio reflejada comercial,inspirado_por
practicaba softball baseball mujeres entonces tema lesion rodilla deje aos entonces ahi hice deporte nunca ma luego empece ver comerciales dije hacer tema salud lado tema empoderamiento mujer,inspirado_por
persona pateaba hacia futbol iba pateaba termine movimiento aparece imagen persona haciendo movimiento patada completandola contexto diferente gustaba combinaban acciones cotidianas deportes totalmente diferentes daba cuenta practicamente mismo movimiento hacemos mismo diferentes contextos cuestion motive haga,inspirado_por
temas ejercicios puedo hacer tema rodilla pueda hacer sentadillas etc si puedo mantenerme activa alguna forma hago entonces cositas gustaron hecho podamos hacer mismo dentro diferentes contextos bueno voy meterme cuarto pongo audifonos ahi misma,inspirado_por
ma centrarte ropa claramente veia ve bien ver bien colores bien runner ve chevere obviamente ahi va bien arreglado ropa deportiva diferente vayas entrenar gente ropa holgada ropa nota practica recurrentemente cierta manera ropa termina influyendo desempeo motivacion hacia actividad,inspirado_por
considero ropa influye bastante imagen proyectas puedo pasar malecon veo persona implementos denotan afan hacer deporte practico socio club voy club alli puedes distinguir bueno estereotipo correlacion directa alto porcentaje bien vestidos generalmente deportistas,inspirado_por
creo veces inculcan valores campaas basan cierto concepto ejemplo si quieres transmitir perseverancia transmites etica entonces conceptos siento terminan influyendo,inspirado_por
verdad recuerdo vi video tomando curso llama rethinking marketing caso persona discapacidad entonces hizo reflexionar existe mundo incluidos mercado normalmente vende f letreros enormes persona normales incluyendo persona discapacidad hizo reflexionar darme cuenta pocas marcas traen anuncios persona discapacidad,inspirado_por
creo experiencia marca toda vida mensaje vi persona imagen mensaje escrito,inspirado_por
pequea usado marca costumbre familia marca presentaron gusto sentia iba conmigo estilo marca calidad buena duraban toda vida conmigo actividades realizaba diario ejercicio entonces sentia marca dia dia,inspirado_por
creo sencillo hacer ejercicio hacer salud creo mensaje principal marca lado nike just do it hazlo siento mensaje llega hazlo estudiar hazlo aos creo tipo motivacion,inspirado_por
diria marca creeria simplemente bueno caso hablando nike marca utilizo ver check simbolo marca linkeado inmediatamente mensaje campaas visto largo vida general,inspirado_por
inspira comerciales seguir proceso saber serena williams interior ahi simplemente seguir practicando resultados lindos celebrar bonito reconocer victoria dia dia,inspirado_por
creo mensaje muestran voy decir ropa uso inspiro mensaje transmitiendo hacerme sentir realmente podium hacerlo obviamente trave imagenes f atletas usando nike creo inconscientemente ligas mensaje marca proxima vez compro ropa fijo nike,inspirado_por
aparte hacer ejercicio constante gustado participar profesionalmente alguno dio idea,inspirado_por
bueno despues revise pagina web tienda virtual ahi veces muestran fotos persona usan productos entonces ahi vi ahora tratando ser inclusivos entonces persona tipo cuerpos necesariamente igual deportistas entonces dije bueno parece bien marca trabajando si despues momento dije si pueda ser pueda involucrarme nuevo deporte,inspirado_por
si referia motivada motivada vida general despertarme feliz despertarme hacer gusta disfrutar haciendo sentirme libre hacer accion especifico sino general,inspirado_por
diria control total facil algun momento decidido consumir cierto contenido decidido tomar ciertas decisiones llevado tener personalidad veria asi,inspirado_por
inspira comerciales seguir proceso saber serena williams interior ahi simplemente seguir practicando resultados lindos celebrar bonito reconocer victoria dia dia,inspirado_por
si lado nike creo inspiracion profunda metida temas sociales empoderamiento mujer ejemplo,inspirado_por
genero comercial visto rescato aprendido ser empatica cosas persona reconocen bien trayectoria do quizas alguna u manera incorporarlo hago dia dia reconocer justamente journey proceso sentir va volviendo cada vez mejor,inspirado_por
cada grabe utilice hashtag necesariamente ver marca movimiento proposito campaa cada publicaba generar conciencia acerca campaa creo empoderamiento mujer,inspirado_por
igual proposito inspirar mujeres podemos hacer guste hacer hacerlo ropa comoda ropa bonita declarar junta ma,inspirado_por
igual proposito inspirar mujeres podemos hacer guste hacer hacerlo ropa comoda ropa bonita declarar junta ma,inspirado_por
ponen cifras alentadoras motivadoras tratan sacar relucir igual puede generar algun cambio control momento verlo surgio,inspirado_por
pienso bueno caso especifico nike ultimos aos apostaron persona puedan lograr objetivo,inspirado_por
pienso trabajan inspiracional decir oye puedes hacer pensabas hacer cuanto ejercicio marca contigo momento,inspirado_por
entonces pienso inspiracional persona comunes utilizan persona comunes grandes deportistas obviamente esperas si utilizas zapatillas va jugar asi,inspirado_por
entonces vuelve decir bueno probable si utilizo pueda correr mejor entonces inspira esforzarte ma pienso factor importante,inspirado_por
si digamos uso misma imagen alla comercial alguien inspira mismas zapatillas jordan imagino juegan basket quieren comprar unas jordan uso grandes deportistas inspira,inspirado_por
creo bastante influencers sigo ale chavez incluso marca outfit ropa deportiva sino implementos deportivos dia sube historias entrenando rutina siempre cosas nike ven super bonitas da ganas asi vez tan saludable queda super bien,inspirado_por
luego empece hacer ejercicio gustaba comprarme ropa solo hacer deporte sino guste queda bonita entonces principio voy sudar importa ropa voy usar luego gusta bien verme bien mientras hago deporte,inspirado_por
principio empece salir correr descansaba tiempo caminaba ahi corria ahi caminaba corria ahora corro frente apenas siempre escucho musica aplicacion prendida dicen hiciste kilometro do kilometros cada vez dicen kilometro nuevo da ganas parar puedo ma diciendo si corriera supiese cuanto haciendo probablemente pararia corriendo diga va bien da ganas seguir,inspirado_por
sueos siempre hacer ejercicio forma tal vez competir colegio colegio seleccion entonces vi puse pensar nunca meti lleno deporte agarrar deporte volverte super bueno entonces hizo sentir si falto tiempo dije entonces igual hacer ejercicio menos asi profesional hacerlo,inspirado_por
creo si visto redes sociales video marca f gente deportista cualquier tipo deporte hace pensar hacer ejercicio siempre sido alguien hecho ejercicio asi profesional entonces dejo hacer ejercicio ver tipo cosas pueden recordar olvidando metas,inspirado_por
aparte hacer ejercicio constante gustado participar profesionalmente alguno dio idea tal vez querer ser persona ahi haciendo ejercicio,inspirado_por
si ver acuerdo campaa hicieron acerca mujer giraba torno mujer empoderamiento mujer lado identifique hecho cada vez dan importancia mujer mujer puede hacer cosas increibles igual hombre etcetera,inspirado_por
campaa si mujer completamente libre puede hacer quiera guste cualquier persona,inspirado_por
genero comercial visto quizas alguna u manera incorporarlo hago dia dia reconocer justamente journey proceso sentir va volviendo cada vez mejor veces evidente ejemplo ansiosa estresada digo ala sale preocupo resultados calmo doy cuenta aprendizaje trayectoria,inspirado_por
creo impactado reconocer detras exito persona viene proceso accion concreta logre reconocimiento trayectoria persona,inspirado_por
entonces acuerdo practicaba ballet forma intensiva veia spot siempre ballet veces estricto dicen si estandar continuum estandar dice pucha si sido rusa si sido china si empezado hace aos hecho acuerdo spot vi tercero secundaria ahorita todavia cala grandeza solo cierto grupo persona,inspirado_por
va mano ver video inspiracionales youtube redes justo salian video motivacionales inspiracion atletas justamente llevaban marca nike animado anime corriendo maraton kilometros anime bajar peso basicamente ayuda gracias video constancia asi pude bajar final kilo ao ayudado bastante inspirado justamente marca deportiva ser alguien mejor,inspirado_por
podria decir tema ensearle cambio demas decirles si puedo puedes tema querer ensearle demas tipo vida sedentaria adecuada,inspirado_por
hecho levantarte temprano comer comida chatarra final motivacion inclina tema hacer deporte puede ir actividades hecho realizar tarea trabajo universidad sientes bajoneado final dice si puedo hacer aca habilidad recursos capacidades poder realizar actividad ver deporte motiva demasiado,inspirado_por
veo comerciales asi realmente hacen acordar bonito deporte alla bueno salud hacen acordar siento despues hacer deporte siento realmente invencible puedo hacer,inspirado_por
si toda maneras hace acordar poder mujeres realmente hacer quisieramos podemos importar opinion creo mensaje grande llevo dia dia puede ser olvide viendo campaas hace acordar importante,inspirado_por
entonces siempre onda querer comprar ultimos chimpunes botines jugadores veia jugadores favoritos referentes veia usaban tipo marcas entonces inspiraba algun momento podium llegar ser si utilizaba,inspirado_por
jugadores basquet tiempo practique basquetbol queria zapatillas kobe bryant inspiraba admiraba inspiraba podium joven nio remotamente ser cercano,inspirado_por
sabia regalaban zapatillas jugadores auspiciaban vestian tiempo etcetera detras involuntariamente generaba oye patas utilizan solo nike ma queria ser parte linea ser futbolista queria alguien auspicie incluso,inspirado_por
personalmente marca termina siendo medio cierto fin gusta entonces personalmente practico fronton chico ejemplo veia bastante tenis seguia bastante tenis veia marcas asociaba deportistas pues marca si hago bien deporte visto acorde dominan deporte quiero parecerme quiero ser entonces marca influye,inspirado_por
siento dia dia siento veo alguna propaganda veo tienda veo zapatos decirte ejemplo motivacion siento dedico ahorita ejemplo etapa universitaria lograr sueos entonces siento tipo motivacion da momento,inspirado_por
si motivo querer hacer deporte hacer ejercicio movimiento salir montar bicicleta motivo ser activa activa,inspirado_para
podria ser intrinsicamente hizo realizar deporte menos momento vi campaa restricciones liberaron busque opciones hacer deporte casa desconectarme laptop encerrada ello,inspirado_para
entonces parte inspira tal vez entrenar fuerte esforzarse ma,inspirado_para
bueno cuanto deporte pensaria persona pueden lograr hacer viene mente ejemplo si jugando basquet algun deportista importante pueda hacer cuanto deporte inspira esforzarme intentarlo,inspirado_para
entonces vuelve decir bueno probable si utilizo pueda correr mejor entonces inspira esforzarte ma pienso factor importante,inspirado_para
pienso medio sesga presente persona logrado tal cosa instintivamente sientes impulso esforzarte ma entonces pensaria involuntariamente,inspirado_para
bueno ahorita gusta practicar futbol compraba unas zapatillas trataba deportista solia usarlas,inspirado_para
si diria si tan solo verlo piensas alguien admiras diga mira automaticamente da ganas comprar parecido,inspirado_para
ma alla aprendizaje verdad creo inspiro alla querer seguir haciendo deporte buscar parecido,inspirado_para
si definitivamente verdad magia comerciales recuerdo bastante cario parecian peliculas buen presupuesto largo usualmente salta comerciales daba ganas verlos proposito inspiraba seguir practicando deporte,inspirado_para
viendolo manera querer realizar deporte,inspirado_para
compras coleccion da ganas menos consultar precios u modelos creo genus mayor interes marca si,inspirado_para
entrenar correr caso nike llama nike run club nike train club gusta inspira seguir haciendolo,inspirado_para
ropa nike empezado sacar cosas novedosas visto varias influencers top brillosos varios colores colores super llamativos gusta parece bonito da ganas comprarlo hacer deporte,inspirado_para
ropa nike empezado sacar cosas novedosas visto varias influencers top brillosos varios colores colores super llamativos gusta parece bonito da ganas comprarlo hacer deporte,inspirado_para
aparte siempre nuevos modelos ven bien bonito dan ganas comprarlos entrenar,inspirado_para
hecho creo estilo vida hacia deporte vez quinientas compraba mucha ropa deporte entrenaba tenia luego empece hacer ejercicio gustaba comprarme ropa solo hacer deporte sino guste queda bonita,inspirado_para
salia dia si dia salia tarde llegando notificacion hacia levantarme salir correr adicional creo hecho hacer cosas dia veces flojera lleva aos siendo asi recien pandemia parte pandemia empece asi despues deje ahora tiempo,inspirado_para
estilo vida ahora creo haciendo puedo organizar pandemia llevo organizar tiempos agendado entonces si ayudo agendarlo,inspirado_para
si salir correr odiaba correr gimnasio podium maximo salir caminar ahora salgo correr ejemplo hecho demoraba entrenando ahora sigo rutinas ale chavez puedo demorar solo medium hora creo bien si igual salgo correr maana medio hora hago ejercicio medium hora bien demorarme horas haciendo ejercicio ayuda balancear dia hecho da energia hacer obviamente cansa sientes energico,inspirado_para
mismo correr asi noma saber cuanto corres cuanto haces entonces aplicacion ayuda saber cuantos kilometros haces tiempo haces cada kilometro alguna manera da ganas correr rapido algun momento dice dado tantas vueltas seguidas,inspirado_para
si querer comprar si sino ejemplo ropa uso salido recien recien sale ejemplo top puede costar sol parece caro conforme van pasando normal cueste aprox sol ahi practicante tampoco gastaria sol solo top parece caro parecen super lindos si gustaria comprarlos si,inspirado_para
varias zapatillas nike creo marca uso deporte siento puedo correr bien zapatillas entonces veces cansada alguna forma sientes corriendo ayuda seguir,inspirado_para
verdad veo hace sentir motivada necesariamente misma semana comienzo hacer ejercicio,inspirado_para
entonces cada vez mama dicho quieres zapatillas veo frente nike puedo encontrar outlet,inspirado_para
mayoria deportes obviamente inicio da chispa quiero hacer deporte luego termino haciendolo,inspirado_para
chevere ver trascienda hace comercial nike deja horas horas viendo mismo video,inspirado_para
chevere ver trascienda hace comercial nike deja horas horas viendo mismo video da ganas compartirlo cosas asi,inspirado_para
inspira comerciales seguir proceso saber serena williams interior ahi simplemente seguir practicando resultados lindos celebrar bonito reconocer victoria dia dia,inspirado_para
seguro si comercial grabado madrugada dia viendo comercial corredor ejemplo inspiracion simple corria maanas u maana entrar trabajar ahora trato correr hora azul hora pico solo minutos transicion medio radical raiz hacer atipico,inspirado_para
creo inspiracion creo transmitio comercial alguna manera acerco marca creo dio solidez top of mind preferencia digamosle preferencia,inspirado_para
si quiero ma si relacion afecto digamos quiero nike adidas,inspirado_para
comprar nike reconozco toda campaas hace atletas poder realizar diferentes campaas realmente da ganas comprar inspira totalmente,inspirado_para
va mano ver video inspiracionales youtube redes justo salian video motivacionales inspiracion atletas justamente llevaban marca nike animado anime corriendo maraton kilometros anime bajar peso basicamente ayuda gracias video constancia asi pude bajar final kilo ao ayudado bastante inspirado justamente marca deportiva ser alguien mejor,inspirado_para
ahora tema cuanto demorado inspirarme motivarme sido largo asi nike marcas dan tema inspirar justamente primero vi nike cumplio proposito hecho cambiar estilo vida claramente quiero regresar tendencia vida sedentaria quiero seguir motivandome seguir siendo saludable,inspirado_para
si comprar pocos polo deportivos justamente antiguos antiguos tema subir peso quedaban final hecho relacionarme marca ayudado hecho comprar diferentes indumentarias short zapatillas polo ademas veo closet veo logo veo ropa deportiva digo pucha hacer deporte quiero ir estilo vida si motivaba comprar,inspirado_para
ver campaas dia mujer nike olimpiadas eventos deportivos realidad visto campaas siempre lloro veo siempre termino llorando parece mensaje bonito motivan siempre dar mejor seguir adelante,inspirado_para
ver campaas dia mujer nike olimpiadas eventos deportivos realidad visto campaas siempre lloro veo siempre termino llorando parece mensaje bonito motivan siempre dar mejor seguir adelante verdad veo campaas dan ganas ponerme ropa deporte salir correr,inspirado_para
ultimo vi nike voz serena williams salia collage monton mujeres diferentes rubros termine ver comercial llore realmente puse ropa deporte sali correr broma hizo sentir motivada realmente hizo sentir podium hacer,inspirado_para
ultimo vi nike voz selena williams salia collage monton mujeres diferentes rubros termine ver comercial llore realmente puse ropa deporte sali correr broma hizo sentir motivada realmente hizo sentir podium hacer hecho apenas termine envie amigas dije mirenlo demasiado chevere,inspirado_para
creo mensaje muestran voy decir ropa uso inspiro mensaje transmitiendo hacerme sentir realmente podium hacerlo obviamente trave imagenes f atletas usando nike creo inconscientemente ligas mensaje marca proxima vez compro ropa fijo nike,inspirado_para
bueno si muchas veces visto veo comerciales asi hace ir pagina web marca ver ropa ver si nuevo si lleva chequear pagina web hace chequear instagram ver atletas marca,inspirado_para
veo campaas asi encanta luego entrar perfiles marca ver atletas compartido trato meterme ver atletas detras pantalla bueno si entro pagina web chequear ropa llevan hacer deporte comparto amigas si genus tema conversacion menos si mencionan,inspirado_para
bueno si entro pagina web chequear ropa si llevan hacer deporte comparto amigas si genus tema conversacion menos si mencionan,inspirado_para
veo ah bueno fan bts grupo koreano si conoces veces hacen diseos marcas colaboracion usando ropa nike entonces inspira marca puede involucrarme deporte llamo atencion ahora puede hacer tenis dificil adelante gustaria probarlo,inspirado_para
bueno despues revise pagina web tienda virtual,inspirado_para
bueno despues revise pagina web tienda virtual ahi veces muestran fotos persona usan productos si despues momento dije si pueda ser pueda involucrarme nuevo deporte,inspirado_para
paginas pensaba encontrarme clasicos modelos cuerpo atleticos di cuenta realidad persona distintos tipos cuerpo parecio chevere realidad motivo comprar productos muestra persona cuerpo estereotipico entonces puedes decir bueno puedo usar prendas entonces asi decidi comprar,inspirado_para
creo promover estilo vida saludable cualquier persona independientemente contextura,inspirado_para
tal vez comerciales escenarios persona levantan temprano hacer ejercicio motiva incorporar vida diaria parece chevere distintos tipos cuerpos,inspirado_para
diria veo comerciales normalmente tirada sillon entonces pienso deberia haciendo productivo veces veo haciendo sale alguna aplicacion persona cocinando haciendo ejercicio motiva usar tiempo eficientemente sentirme mal sientes mal echada f gente haciendo va ayudar entonces ayuda realidad,inspirado_para
sucede pandemia quitaron ganas ir gimnasio actividad siempre hacia costaba bastan ir punto tratar entrenar casa veia publicidad nike nike woman mujeres salian entrenando mat casa pesitas digamos alguna manera inspiro querer hacer deporte,inspirado_para
digamos publicidad nike gustaba veia mujeres atleticas decia pucha acuerdate cargabas pesa hacias entonces motivacion deporte,inspirado_para
bueno inicio control simplemente haciendo scroll vi publicidad dije ah mira mostro lejos pensar nike ver grupo mujeres haciendo actividad dije pucha puedo hacer casa bien mira buena motivacion empezar,inspirado_para
creo misma manera creo decimos vez voy hacer deporte f incitacion hacer accion buena entonces creo haberlo visto toda maneras inspiro mil accion ahi mente tomada,inspirado_para
segundo lugar oye mira ropa bonita commerce mil compra compra usala dale uso ropa comprando,inspirado_para
alguna manera si siento push parate cama hazlo si toda maneras creo,inspirado_para
si compra risas caso nike adidas vi clip nike solo clip nike vi adidas toque busque nike adidas solamente ah voy pensar nike chevere adidas pagina propia puedes ver toda ropa ahi,inspirado_para
entonces siempre onda querer comprar ultimos chimpunes botines jugadores veia jugadores favoritos referentes veia usaban tipo marcas,inspirado_para
jugadores basquet tiempo practique basquetbol queria zapatillas kobe bryant inspiraba admiraba inspiraba podium joven nio remotamente ser cercano entonces decia pucha quiero mismos zapatos utilizan etcetera,inspirado_para
si quizas hacer negocio zapatillas hecho ahora ejemplo ahorita unidos amigo quieren modelos unicos solo venden aca venden peru entonces digo oye consigo pagas dolares llevartelos nunca va conseguir peru entonces veo idea negocio modelos venden alla llevan importan tipo modelos probablemente puede ser idea saltado publicidad bueno venden solas zapatillas nike necesario use tanta publicidad,inspirado_para
entrenamientos ahora seleccion futsal universidad mejores zapatillas ultima zapatillas jugador probablemente mayores cualidades sabe zapatillas sabe futbol sabe comprar ultimo jugadores motiva ejemplo abrias zapatillas estrenaba polo nike short nike pucha esforzaba entrenar sentia ropa nueva motivaba bastante ahora usa unas zapatillas nike inspira motiva,inspirado_para
motivaria quizas hacer deporte mismo realidad motiva hacer deporte hace sentir comodo,inspirado_para
pues asi intervenir ayudar alguna manera fomente deporte directamente pues realidad hice personal ambito personal tal vez acompaarme corran conmigo salir toda medidas seguridad hacer ciclismo muchas persona viniendo haciendo basicamente domingo actividades asi motivacion surgio retransmiti cercanos,inspirado_para
veia cosas dije pucha casa hago entonces si empezado practicar tenis despues aos practicaba deporte si motivo hacer deporte,inspirado_para
veces bailo cuarto desmotivada quiero si si cuarto da verguenza decirlo cualquier cancion cualquier musica mantenga activa temas ejercicios puedo hacer tema rodilla pueda hacer sentadillas etc si puedo mantenerme activa alguna forma hago,inspirado_para
momento da cuenta solito entras cancha deporte mentalmente dice hacerlo veces rindes igual motivado si veces f spot dice si motivado maana maana mismo salgo entrenar maana mismo quiero hacer deporte quiero hacer motiva cosa dure motivacion,inspirado_para
generalmente acciones pueden haber llevado hacer practicar deporte comprarme ropa ver ma seguir ma conocer marca tenerla presente comprarme ropas ver deportista sale spot,inspirado_para
generalmente acciones pueden haber llevado hacer practicar deporte comprarme ropa ver ma seguir ma conocer marca tenerla presente comprarme ropas ver deportista sale spot,inspirado_para
si verdad nike nike logo concepto traen just do it varios video visto puesto piel gallina dado ganas entrenar si inspirado verdad,inspirado_para
verdad recuerdo vi video tomando curso llama rethinking marketing caso persona discapacidad entonces hizo reflexionar existe mundo incluidos mercado normalmente vende f letreros enormes persona normales incluyendo persona discapacidad hizo reflexionar darme cuenta pocas marcas traen anuncios persona discapacidad entonces cierta forma inspiro pensar toque hacer algun trabajo incluirlos,inspirado_para
tiempo vi video haciendo deporte invierno acorde trajo momento sensaciones causaba deporte hacia adrenalina genus serotonina produce sudor buena musica elementos video entonces dieron muchas ganas volver entrenar,inspirado_para
presente hacer trabajo universidad marketing trato incluirlo persona discapacidad si claramente presente gracias ido alimentando nike,inspirado_para
nike si marca ropa deportiva favorita gustan campaas asi diria si inspiracion nivel voy crear increible animos levantarte actuar tipo inspiracion,inspirado_para
siento inspiran emociones ganas hacer cosas si crear hacer creo ahi sigo dijiste inicio inspira hacer cosas creo tipo marcas inspiran moverte hacer,inspirado_para
creo sencillo hacer ejercicio hacer salud creo mensaje principal marca lado nike just do it hazlo siento mensaje llega hazlo estudiar hazlo aos creo tipo motivacion,inspirado_para
aparte hacer ejercicio constante gustado participar profesionalmente alguno dio idea,inspirado_para
